{
  "cli": {
    "version": ">= 16.28.0",
    "appVersionSource": "remote"
  },
  "build": {
    "development": {
      "developmentClient": true,
      "distribution": "internal"
    },
    "preview": {
      "distribution": "internal",
      "android": {
        "gradleCommand": ":app:assembleRelease",
        "buildType": "apk"
      },
      "env": {
        "EXPO_USE_FAST_RESOLVER": "1"
      }
    },
    "production": {
      "autoIncrement": true,
      "android": {
        "buildType": "app-bundle"
      }
    }
  },
  "submit": {
    "production": {}
  }
}